DATE,NHSE_REGION_CODE,NHSE_REGION_NAME,ICS_CODE,ICS_NAME,ORG_CODE,ORG_NAME,ORG_TYPE,FTE_DAYS_LOST,FTE_DAYS_AVAILABLE,SICKNESS_ABSENCE_RATE_PERCENT
31/08/2023,QZZ,Special Health Authorities and other statutory bodies,QZZ,Special Health Authorities and other statutory bodies,0AR,NHS North of England Commissioning Support Unit,Commissioning Support Unit,2150.86855,57257.75372,3.76
31/08/2023,QZZ,Special Health Authorities and other statutory bodies,QZZ,Special Health Authorities and other statutory bodies,0CX,NHS Midlands and Lancashire Commissioning Support Unit,Commissioning Support Unit,1784.45129,56482.60118,3.16
31/08/2023,QZZ,Special Health Authorities and other statutory bodies,QZZ,Special Health Authorities and other statutory bodies,0DE,NHS Arden and Greater East Midlands Commissioning Support Unit,Commissioning Support Unit,732.22667,35700.00826,2.05
31/08/2023,QZZ,Special Health Authorities and other statutory bodies,QZZ,Special Health Authorities and other statutory bodies,0DF,"NHS South, Central and West Commissioning Support Unit",Commissioning Support Unit,1709.6732,52149.41298,3.28
31/08/2023,QZZ,Special Health Authorities and other statutory bodies,QZZ,Special Health Authorities and other statutory bodies,8JX76,ENGIE Services Ltd,Others,997.4128000000001,20915.40585,4.77
31/08/2023,QZZ,Special Health Authorities and other statutory bodies,QZZ,Special Health Authorities and other statutory bodies,T1150,NHS Resolution,Others,396.05332,20671.86688,1.92
31/08/2023,QZZ,Special Health Authorities and other statutory bodies,QZZ,Special Health Authorities and other statutory bodies,T1450,NHS Business Services Authority,Others,4904.00374,131256.00256,3.74
31/08/2023,QZZ,Special Health Authorities and other statutory bodies,QZZ,Special Health Authorities and other statutory bodies,T1460,NHS Blood and Transplant,Others,8477.05453,170789.64349,4.96
31/08/2023,QZZ,Special Health Authorities and other statutory bodies,QZZ,Special Health Authorities and other statutory bodies,T1480,Health Research Authority,Others,361.38657,7489.36049,4.83
31/08/2023,QZZ,Special Health Authorities and other statutory bodies,QZZ,Special Health Authorities and other statutory bodies,T1540,NHS Counter Fraud Authority,Others,195.22677,5256.42646,3.71
31/08/2023,QZZ,Special Health Authorities and other statutory bodies,QZZ,Special Health Authorities and other statutory bodies,X24,NHS England,Others,13118.62764,600259.6955,2.19
31/08/2023,QZZ,Special Health Authorities and other statutory bodies,QZZ,Special Health Authorities and other statutory bodies,X36,UK Health Security Agency,Others,4296.96877,165617.79555,2.59
31/08/2023,QZZ,Special Health Authorities and other statutory bodies,QZZ,Special Health Authorities and other statutory bodies,X80,National Institute for Health and Care Excellence,Others,467.21334,25133.51631,1.86
31/08/2023,Y56,London,QKK,South East London,DEQ,King's Facilities Management (KFM),Others,317.4,10554.69323,3.01
31/08/2023,Y56,London,QKK,South East London,NQV,Bromley Healthcare,Community Provider Trust,1020.77768,30337.78787,3.36
31/08/2023,Y56,London,QKK,South East London,QKK,NHS South East London ICB,Integrated Care Board,489.58008,19879.46633,2.46
31/08/2023,Y56,London,QKK,South East London,RJ1,Guy's and St Thomas' NHS Foundation Trust,Acute,29204.6871,687501.04594,4.25
31/08/2023,Y56,London,QKK,South East London,RJ2,Lewisham and Greenwich NHS Trust,Acute,9572.26581,210733.2092,4.54
31/08/2023,Y56,London,QKK,South East London,RJZ,King's College Hospital NHS Foundation Trust,Acute,19418.24725,419819.22716,4.63
31/08/2023,Y56,London,QKK,South East London,RPG,Oxleas NHS Foundation Trust,Mental Health,5718.47711,127892.47692,4.47
31/08/2023,Y56,London,QKK,South East London,RRU,London Ambulance Service NHS Trust,Ambulance,14680.04192,226687.8786,6.48
31/08/2023,Y56,London,QKK,South East London,RV5,South London and Maudsley NHS Foundation Trust,Mental Health,7205.76142,175775.8462,4.1
31/08/2023,Y56,London,QMF,North East London,AXA,Tower Hamlets GP Care Group CIC,Community Provider Trust,608.13583,12061.51058,5.04
31/08/2023,Y56,London,QMF,North East London,QMF,NHS North East London ICB,Integrated Care Board,450.91994,25699.04175,1.75
31/08/2023,Y56,London,QMF,North East London,R1H,Barts Health NHS Trust,Acute,27503.50756,588947.48876,4.67
31/08/2023,Y56,London,QMF,North East London,RAT,North East London NHS Foundation Trust,Mental Health,8944.63607,201035.12977,4.45
31/08/2023,Y56,London,QMF,North East London,RF4,"Barking, Havering and Redbridge University Hospitals NHS Trust",Acute,10081.82351,234309.16221,4.3
31/08/2023,Y56,London,QMF,North East London,RQX,Homerton Healthcare NHS Foundation Trust,Acute,5291.0819,121407.05582,4.36
31/08/2023,Y56,London,QMF,North East London,RWK,East London NHS Foundation Trust,Mental Health,9801.21469,210173.18022,4.66
31/08/2023,Y56,London,QMJ,North Central London,QMJ,NHS North Central London ICB,Integrated Care Board,539.12505,20629.58452,2.61
31/08/2023,Y56,London,QMJ,North Central London,RAL,Royal Free London NHS Foundation Trust,Acute,15403.417519999999,382075.94944,4.03
31/08/2023,Y56,London,QMJ,North Central London,RAP,North Middlesex University Hospital NHS Trust,Acute,5991.71824,132111.48215,4.54
31/08/2023,Y56,London,QMJ,North Central London,RKE,Whittington Health NHS Trust,Acute,5514.36394,140717.26286,3.92
31/08/2023,Y56,London,QMJ,North Central London,RNK,Tavistock and Portman NHS Foundation Trust,Mental Health,524.86397,21926.8956,2.39
31/08/2023,Y56,London,QMJ,North Central London,RP4,Great Ormond Street Hospital for Children NHS Foundation Trust,Acute,5192.2698199999995,166240.05627,3.12
31/08/2023,Y56,London,QMJ,North Central London,RP6,Moorfields Eye Hospital NHS Foundation Trust,Acute,3120.1866800000003,70494.72497,4.43
31/08/2023,Y56,London,QMJ,North Central London,RRP,"Barnet, Enfield and Haringey Mental Health NHS Trust",Mental Health,4587.57842,88489.20482,5.18
31/08/2023,Y56,London,QMJ,North Central London,RRV,University College London Hospitals NHS Foundation Trust,Acute,14548.32174,321802.83565,4.52
31/08/2023,Y56,London,QMJ,North Central London,RV3,Central and North West London NHS Foundation Trust,Mental Health,9783.34581,242420.37859,4.04
31/08/2023,Y56,London,QMJ,North Central London,TAF,Camden and Islington NHS Foundation Trust,Mental Health,2358.93634,71896.02502,3.28
31/08/2023,Y56,London,QRV,North West London,QRV,NHS North West London ICB,Integrated Care Board,513.7933400000001,25319.83282,2.03
31/08/2023,Y56,London,QRV,North West London,R1K,London North West University Healthcare NHS Trust,Acute,10805.87773,251391.29757,4.3
31/08/2023,Y56,London,QRV,North West London,RAN,Royal National Orthopaedic Hospital NHS Trust,Acute,1884.57022,47855.35663,3.94
31/08/2023,Y56,London,QRV,North West London,RAS,Hillingdon Hospitals NHS Foundation Trust,Acute,5244.95042,103328.00587,5.08
31/08/2023,Y56,London,QRV,North West London,RKL,West London NHS Trust,Mental Health,6649.18491,133308.39142,4.99
31/08/2023,Y56,London,QRV,North West London,RPY,Royal Marsden NHS Foundation Trust,Acute,4921.78473,134259.06546,3.67
31/08/2023,Y56,London,QRV,North West London,RQM,Chelsea and Westminster Hospital NHS Foundation Trust,Acute,7463.0753,203807.36206,3.66
31/08/2023,Y56,London,QRV,North West London,RYJ,Imperial College Healthcare NHS Trust,Acute,16605.84376,415362.28419,4.0
31/08/2023,Y56,London,QRV,North West London,RYX,Central London Community Healthcare NHS Trust,Community Provider Trust,6719.00221,133700.90503,5.03
31/08/2023,Y56,London,QWE,South West London,NNV,Your Healthcare,Community Provider Trust,421.45581,13263.915,3.18
31/08/2023,Y56,London,QWE,South West London,QWE,NHS South West London ICB,Integrated Care Board,480.04,19893.07151,2.41
31/08/2023,Y56,London,QWE,South West London,RAX,Kingston Hospital NHS Foundation Trust,Acute,4252.67397,110658.23036,3.84
31/08/2023,Y56,London,QWE,South West London,RJ6,Croydon Health Services NHS Trust,Acute,6036.26663,127849.84055,4.72
31/08/2023,Y56,London,QWE,South West London,RJ7,St George's University Hospitals NHS Foundation Trust,Acute,12812.60851,294369.28948,4.35
31/08/2023,Y56,London,QWE,South West London,RQY,South West London and St George's Mental Health NHS Trust,Mental Health,3696.36317,80082.90241,4.62
31/08/2023,Y56,London,QWE,South West London,RVR,Epsom and St Helier University Hospitals NHS Trust,Acute,9625.52047,200434.90474,4.8
31/08/2023,Y56,London,QWE,South West London,RY9,Hounslow and Richmond Community Healthcare NHS Trust,Community Provider Trust,1492.05877,35936.95415,4.15
31/08/2023,Y58,South West,QJK,Devon,NR5,Livewell Southwest,Community Provider Trust,3914.96693,72257.22871,5.42
31/08/2023,Y58,South West,QJK,Devon,QJK,NHS Devon ICB,Integrated Care Board,714.05315,16359.05752,4.36
31/08/2023,Y58,South West,QJK,Devon,RA9,Torbay and South Devon NHS Foundation Trust,Acute,9665.02623,192521.75529,5.02
31/08/2023,Y58,South West,QJK,Devon,RH8,Royal Devon University Healthcare NHS Foundation Trust,Acute,17403.87888,361067.90611,4.82
31/08/2023,Y58,South West,QJK,Devon,RK9,University Hospitals Plymouth NHS Trust,Acute,15634.97977,294520.48038,5.31
31/08/2023,Y58,South West,QJK,Devon,RWV,Devon Partnership NHS Trust,Mental Health,5926.71464,103977.87163,5.7
31/08/2023,Y58,South West,QJK,Devon,RYF,South Western Ambulance Service NHS Foundation Trust,Ambulance,8954.24059,148343.25004,6.04
31/08/2023,Y58,South West,QOX,"Bath and North East Somerset, Swindon and Wiltshire",AXG,Wiltshire Health and Care,Community Provider Trust,1929.84338,32531.64946,5.93
31/08/2023,Y58,South West,QOX,"Bath and North East Somerset, Swindon and Wiltshire",QOX,"NHS Bath and North East Somerset, Swindon and Wiltshire ICB",Integrated Care Board,525.55991,13483.04316,3.9
31/08/2023,Y58,South West,QOX,"Bath and North East Somerset, Swindon and Wiltshire",RD1,Royal United Hospitals Bath NHS Foundation Trust,Acute,7443.76227,175718.9832,4.24
31/08/2023,Y58,South West,QOX,"Bath and North East Somerset, Swindon and Wiltshire",RN3,Great Western Hospitals NHS Foundation Trust,Acute,6269.9061,155771.8255,4.03
31/08/2023,Y58,South West,QOX,"Bath and North East Somerset, Swindon and Wiltshire",RNZ,Salisbury NHS Foundation Trust,Acute,4243.34378,116628.82956,3.64
31/08/2023,Y58,South West,QOX,"Bath and North East Somerset, Swindon and Wiltshire",RVN,Avon and Wiltshire Mental Health Partnership NHS Trust,Mental Health,6322.9316,129416.37361,4.89
31/08/2023,Y58,South West,QR1,Gloucestershire,QR1,NHS Gloucestershire ICB,Integrated Care Board,243.84021,12217.88017,2.0
31/08/2023,Y58,South West,QR1,Gloucestershire,RTE,Gloucestershire Hospitals NHS Foundation Trust,Acute,10275.03223,263530.2519,3.9
31/08/2023,Y58,South West,QR1,Gloucestershire,RTQ,Gloucestershire Health and Care NHS Foundation Trust,Mental Health,6215.78926,125124.2891,4.97
31/08/2023,Y58,South West,QSL,Somerset,QSL,NHS Somerset ICB,Integrated Care Board,442.83341,9917.97185,4.46
31/08/2023,Y58,South West,QSL,Somerset,RH5,Somerset NHS Foundation Trust,Acute,17477.02109,363572.08986,4.81
31/08/2023,Y58,South West,QT6,Cornwall and the Isles of Scilly,AWK,Smile Together Dental CIC,Community Provider Trust,200.246,2879.15343,6.96
31/08/2023,Y58,South West,QT6,Cornwall and the Isles of Scilly,QT6,NHS Cornwall and the Isles of Scilly ICB,Integrated Care Board,331.31987,8806.07815,3.76
31/08/2023,Y58,South West,QT6,Cornwall and the Isles of Scilly,REF,Royal Cornwall Hospitals NHS Trust,Acute,9958.4671,203420.23683,4.9
31/08/2023,Y58,South West,QT6,Cornwall and the Isles of Scilly,RJ8,Cornwall Partnership NHS Foundation Trust,Mental Health,7385.8236,128507.85648,5.75
31/08/2023,Y58,South West,QUY,"Bristol, North Somerset and South Gloucestershire",NLX,Sirona Care and Health,Community Provider Trust,4056.63817,85346.18551,4.75
31/08/2023,Y58,South West,QUY,"Bristol, North Somerset and South Gloucestershire",QUY,"NHS Bristol, North Somerset and South Gloucestershire ICB",Integrated Care Board,389.49334,13471.50254,2.89
31/08/2023,Y58,South West,QUY,"Bristol, North Somerset and South Gloucestershire",RA7,University Hospitals Bristol and Weston NHS Foundation Trust,Acute,15839.41162,351024.78611,4.51
31/08/2023,Y58,South West,QUY,"Bristol, North Somerset and South Gloucestershire",RVJ,North Bristol NHS Trust,Acute,12938.13444,271442.72533,4.77
31/08/2023,Y58,South West,QVV,Dorset,QVV,NHS Dorset ICB,Integrated Care Board,414.74681,14037.13357,2.95
31/08/2023,Y58,South West,QVV,Dorset,R0D,University Hospitals Dorset NHS Foundation Trust,Acute,11145.54558,264007.92099,4.22
31/08/2023,Y58,South West,QVV,Dorset,RBD,Dorset County Hospital NHS Foundation Trust,Acute,4039.83496,95178.71634,4.24
31/08/2023,Y58,South West,QVV,Dorset,RDY,Dorset Healthcare University NHS Foundation Trust,Mental Health,9225.65225,174142.90572,5.3
31/08/2023,Y59,South East,QKS,Kent and Medway,NQ7,Medway Community Healthcare,Community Provider Trust,1363.64319,35486.77206,3.84
31/08/2023,Y59,South East,QKS,Kent and Medway,QKS,NHS Kent and Medway ICB,Integrated Care Board,788.2,20562.88028,3.83
31/08/2023,Y59,South East,QKS,Kent and Medway,RN7,Dartford and Gravesham NHS Trust,Acute,5013.92306,121534.07141,4.13
31/08/2023,Y59,South East,QKS,Kent and Medway,RPA,Medway NHS Foundation Trust,Acute,7176.20681,147376.87648,4.87
31/08/2023,Y59,South East,QKS,Kent and Medway,RVV,East Kent Hospitals University NHS Foundation Trust,Acute,15269.2676,327055.03252,4.67
31/08/2023,Y59,South East,QKS,Kent and Medway,RWF,Maidstone and Tunbridge Wells NHS Trust,Acute,8269.20573,211533.08844,3.91
31/08/2023,Y59,South East,QKS,Kent and Medway,RXY,Kent and Medway NHS and Social Care Partnership Trust,Mental Health,4659.36668,104032.9012,4.48
31/08/2023,Y59,South East,QKS,Kent and Medway,RYY,Kent Community Health NHS Foundation Trust,Community Provider Trust,7200.77373,139512.84781,5.16
31/08/2023,Y59,South East,QNQ,Frimley,QNQ,NHS Frimley ICB,Integrated Care Board,130.18661,10885.26548,1.2
31/08/2023,Y59,South East,QNQ,Frimley,RDU,Frimley Health NHS Foundation Trust,Acute,10008.88292,302558.18331,3.31
31/08/2023,Y59,South East,QNQ,Frimley,RWX,Berkshire Healthcare NHS Foundation Trust,Mental Health,5135.0418,135146.60706,3.8
31/08/2023,Y59,South East,QNX,Sussex,QNX,NHS Sussex ICB,Integrated Care Board,823.46669,27111.72325,3.04
31/08/2023,Y59,South East,QNX,Sussex,RDR,Sussex Community NHS Foundation Trust,Community Provider Trust,6784.56058,141169.20317,4.81
31/08/2023,Y59,South East,QNX,Sussex,RPC,Queen Victoria Hospital NHS Foundation Trust,Acute,1054.80651,30089.234,3.51
31/08/2023,Y59,South East,QNX,Sussex,RX2,Sussex Partnership NHS Foundation Trust,Mental Health,7857.54158,164313.38553,4.78
31/08/2023,Y59,South East,QNX,Sussex,RXC,East Sussex Healthcare NHS Trust,Acute,11351.82824,229804.5395,4.94
31/08/2023,Y59,South East,QNX,Sussex,RYD,South East Coast Ambulance Service NHS Foundation Trust,Ambulance,8835.98602,129074.11881,6.85
31/08/2023,Y59,South East,QNX,Sussex,RYR,University Hospitals Sussex NHS Foundation Trust,Acute,22314.63088,471823.4801,4.73
31/08/2023,Y59,South East,QRL,Hampshire and Isle of Wight,QRL,NHS Hampshire and Isle of Wight ICB,Integrated Care Board,692.22659,26215.675629999998,2.64
31/08/2023,Y59,South East,QRL,Hampshire and Isle of Wight,R1C,Solent NHS Trust,Community Provider Trust,5745.33712,114118.00889,5.03
31/08/2023,Y59,South East,QRL,Hampshire and Isle of Wight,R1F,Isle of Wight NHS Trust,Acute,6072.47501,116130.15126,5.23
31/08/2023,Y59,South East,QRL,Hampshire and Isle of Wight,RHM,University Hospital Southampton NHS Foundation Trust,Acute,13131.25709,386823.79879,3.39
31/08/2023,Y59,South East,QRL,Hampshire and Isle of Wight,RHU,Portsmouth Hospitals University NHS Trust,Acute,10962.55238,247742.38124,4.42
31/08/2023,Y59,South East,QRL,Hampshire and Isle of Wight,RN5,Hampshire Hospitals NHS Foundation Trust,Acute,10330.55092,215750.37176,4.79
31/08/2023,Y59,South East,QRL,Hampshire and Isle of Wight,RW1,Southern Health NHS Foundation Trust,Mental Health,9944.50846,190079.03133,5.23
31/08/2023,Y59,South East,QU9,"Buckinghamshire, Oxfordshire and Berkshire West",QU9,"NHS Buckinghamshire, Oxfordshire and Berkshire West ICB",Integrated Care Board,342.70654,11763.95302,2.91
31/08/2023,Y59,South East,QU9,"Buckinghamshire, Oxfordshire and Berkshire West",RHW,Royal Berkshire NHS Foundation Trust,Acute,6152.9349,179427.78992,3.43
31/08/2023,Y59,South East,QU9,"Buckinghamshire, Oxfordshire and Berkshire West",RNU,Oxford Health NHS Foundation Trust,Mental Health,7797.45518,178705.73578,4.36
31/08/2023,Y59,South East,QU9,"Buckinghamshire, Oxfordshire and Berkshire West",RTH,Oxford University Hospitals NHS Foundation Trust,Acute,14822.43488,404631.65031,3.66
31/08/2023,Y59,South East,QU9,"Buckinghamshire, Oxfordshire and Berkshire West",RXQ,Buckinghamshire Healthcare NHS Trust,Acute,7018.45286,187573.55336,3.74
31/08/2023,Y59,South East,QU9,"Buckinghamshire, Oxfordshire and Berkshire West",RYE,South Central Ambulance Service NHS Foundation Trust,Ambulance,8035.92593,132601.10521,6.06
31/08/2023,Y59,South East,QXU,Surrey Heartlands,AQG,Procare Health Ltd,Community Provider Trust,94.18666999999999,2400.16,3.92
31/08/2023,Y59,South East,QXU,Surrey Heartlands,NDJ,First Community Health and Care CIC,Community Provider Trust,431.61997,13497.53072,3.2
31/08/2023,Y59,South East,QXU,Surrey Heartlands,NTV,CSH Surrey,Community Provider Trust,1068.8848,28237.73438,3.79
31/08/2023,Y59,South East,QXU,Surrey Heartlands,QXU,NHS Surrey Heartlands ICB,Integrated Care Board,467.20657,17744.09467,2.63
31/08/2023,Y59,South East,QXU,Surrey Heartlands,RA2,Royal Surrey County Hospital NHS Foundation Trust,Acute,4843.76741,141508.45883,3.42
31/08/2023,Y59,South East,QXU,Surrey Heartlands,RTK,Ashford and St. Peter's Hospitals NHS Foundation Trust,Acute,4788.10613,138019.93072,3.47
31/08/2023,Y59,South East,QXU,Surrey Heartlands,RTP,Surrey and Sussex Healthcare NHS Trust,Acute,5540.1632,144412.18907,3.84
31/08/2023,Y59,South East,QXU,Surrey Heartlands,RXX,Surrey and Borders Partnership NHS Foundation Trust,Mental Health,3350.74804,93248.34735,3.59
31/08/2023,Y60,Midlands,QGH,Herefordshire and Worcestershire,QGH,NHS Herefordshire and Worcestershire ICB,Integrated Care Board,194.78667,9506.07547,2.05
31/08/2023,Y60,Midlands,QGH,Herefordshire and Worcestershire,R1A,Herefordshire and Worcestershire Health and Care NHS Trust,Community Provider Trust,6289.96948,121444.59275,5.18
31/08/2023,Y60,Midlands,QGH,Herefordshire and Worcestershire,RLQ,Wye Valley NHS Trust,Acute,4753.91013,106038.16999,4.48
31/08/2023,Y60,Midlands,QGH,Herefordshire and Worcestershire,RWP,Worcestershire Acute Hospitals NHS Trust,Acute,10890.64531,191986.97584,5.67
31/08/2023,Y60,Midlands,QHL,Birmingham and Solihull,QHL,NHS Birmingham and Solihull ICB,Integrated Care Board,894.7,16429.95732,5.45
31/08/2023,Y60,Midlands,QHL,Birmingham and Solihull,RQ3,Birmingham Women's and Children's NHS Foundation Trust,Acute,8963.4285,179051.00019,5.01
31/08/2023,Y60,Midlands,QHL,Birmingham and Solihull,RRJ,Royal Orthopaedic Hospital NHS Foundation Trust,Acute,2185.81842,36411.34047,6.0
31/08/2023,Y60,Midlands,QHL,Birmingham and Solihull,RRK,University Hospitals Birmingham NHS Foundation Trust,Acute,38687.7292,661067.73267,5.85
31/08/2023,Y60,Midlands,QHL,Birmingham and Solihull,RXK,Sandwell and West Birmingham Hospitals NHS Trust,Acute,13395.20186,214713.34722,6.24
31/08/2023,Y60,Midlands,QHL,Birmingham and Solihull,RXT,Birmingham and Solihull Mental Health NHS Foundation Trust,Mental Health,8443.72083,135926.41036,6.21
31/08/2023,Y60,Midlands,QHL,Birmingham and Solihull,RYW,Birmingham Community Healthcare NHS Foundation Trust,Community Provider Trust,8403.64649,139479.77168,6.02
31/08/2023,Y60,Midlands,QJ2,Derby and Derbyshire,QJ2,NHS Derby and Derbyshire ICB,Integrated Care Board,457.4734,14446.91355,3.17
31/08/2023,Y60,Midlands,QJ2,Derby and Derbyshire,RFS,Chesterfield Royal Hospital NHS Foundation Trust,Acute,6725.62017,138120.74557,4.87
31/08/2023,Y60,Midlands,QJ2,Derby and Derbyshire,RTG,University Hospitals of Derby and Burton NHS Foundation Trust,Acute,20838.99685,389158.71126,5.35
31/08/2023,Y60,Midlands,QJ2,Derby and Derbyshire,RXM,Derbyshire Healthcare NHS Foundation Trust,Mental Health,5180.20058,86536.896,5.99
31/08/2023,Y60,Midlands,QJ2,Derby and Derbyshire,RY8,Derbyshire Community Health Services NHS Foundation Trust,Community Provider Trust,6204.4497,113679.94367,5.46
31/08/2023,Y60,Midlands,QJM,Lincolnshire,QJM,NHS Lincolnshire ICB,Integrated Care Board,375.0598,11220.681050000001,3.34
31/08/2023,Y60,Midlands,QJM,Lincolnshire,RP7,Lincolnshire Partnership NHS Foundation Trust,Mental Health,3517.16567,74952.98976,4.69
31/08/2023,Y60,Midlands,QJM,Lincolnshire,RWD,United Lincolnshire Hospitals NHS Trust,Acute,13157.87077,246429.05882,5.34
31/08/2023,Y60,Midlands,QJM,Lincolnshire,RY5,Lincolnshire Community Health Services NHS Trust,Community Provider Trust,3550.3748,61185.13528,5.8
31/08/2023,Y60,Midlands,QK1,"Leicester, Leicestershire and Rutland",QK1,"NHS Leicester, Leicestershire and Rutland ICB",Integrated Care Board,272.6,9198.70527,2.96
31/08/2023,Y60,Midlands,QK1,"Leicester, Leicestershire and Rutland",RT5,Leicestershire Partnership NHS Trust,Mental Health,8793.96602,170916.94671,5.15
31/08/2023,Y60,Midlands,QK1,"Leicester, Leicestershire and Rutland",RWE,University Hospitals of Leicester NHS Trust,Acute,21477.08495,489435.66608,4.39
31/08/2023,Y60,Midlands,QNC,Staffordshire and Stoke-on-Trent,QNC,NHS Staffordshire and Stoke-on-Trent ICB,Integrated Care Board,160.04666,7491.56272,2.14
31/08/2023,Y60,Midlands,QNC,Staffordshire and Stoke-on-Trent,RJE,University Hospitals of North Midlands NHS Trust,Acute,16870.93406,329186.16045,5.13
31/08/2023,Y60,Midlands,QNC,Staffordshire and Stoke-on-Trent,RLY,North Staffordshire Combined Healthcare NHS Trust,Mental Health,2859.4881100000002,51354.96703,5.57
31/08/2023,Y60,Midlands,QNC,Staffordshire and Stoke-on-Trent,RRE,Midlands Partnership NHS Foundation Trust,Mental Health,13569.70347,267146.80170999997,5.08
31/08/2023,Y60,Midlands,QOC,"Shropshire, Telford and Wrekin",QOC,"NHS Shropshire, Telford and Wrekin ICB",Integrated Care Board,373.06008,10993.62082,3.39
31/08/2023,Y60,Midlands,QOC,"Shropshire, Telford and Wrekin",R1D,Shropshire Community Health NHS Trust,Community Provider Trust,2535.90493,42168.83505,6.01
31/08/2023,Y60,Midlands,QOC,"Shropshire, Telford and Wrekin",RL1,Robert Jones and Agnes Hunt Orthopaedic Hospital NHS Foundation Trust,Acute,2272.42107,46555.27731,4.88
31/08/2023,Y60,Midlands,QOC,"Shropshire, Telford and Wrekin",RXW,Shrewsbury and Telford Hospital NHS Trust,Acute,10827.36505,208691.60983,5.19
31/08/2023,Y60,Midlands,QPM,Northamptonshire,QPM,NHS Northamptonshire ICB,Integrated Care Board,168.6,5710.89552,2.95
31/08/2023,Y60,Midlands,QPM,Northamptonshire,RNQ,Kettering General Hospital NHS Foundation Trust,Acute,6342.426,134973.25958,4.7
31/08/2023,Y60,Midlands,QPM,Northamptonshire,RNS,Northampton General Hospital NHS Trust,Acute,8230.4423,163902.25807,5.02
31/08/2023,Y60,Midlands,QPM,Northamptonshire,RP1,Northamptonshire Healthcare NHS Foundation Trust,Mental Health,7490.55385,133712.52297,5.6
31/08/2023,Y60,Midlands,QT1,Nottingham and Nottinghamshire,NR3,Nottingham Citycare Partnership,Community Provider Trust,1571.48576,30733.41639,5.11
31/08/2023,Y60,Midlands,QT1,Nottingham and Nottinghamshire,QT1,NHS Nottingham and Nottinghamshire ICB,Integrated Care Board,427.16007,17197.32063,2.48
31/08/2023,Y60,Midlands,QT1,Nottingham and Nottinghamshire,RHA,Nottinghamshire Healthcare NHS Foundation Trust,Mental Health,18057.16773,257856.12599,7.0
31/08/2023,Y60,Midlands,QT1,Nottingham and Nottinghamshire,RK5,Sherwood Forest Hospitals NHS Foundation Trust,Acute,7307.91136,160129.27536,4.56
31/08/2023,Y60,Midlands,QT1,Nottingham and Nottinghamshire,RX1,Nottingham University Hospitals NHS Trust,Acute,25444.35349,541229.9137,4.7
31/08/2023,Y60,Midlands,QT1,Nottingham and Nottinghamshire,RX9,East Midlands Ambulance Service NHS Trust,Ambulance,9764.83157,121178.74723,8.06
31/08/2023,Y60,Midlands,QUA,Black Country,QUA,NHS Black Country ICB,Integrated Care Board,366.47991,14824.23997,2.47
31/08/2023,Y60,Midlands,QUA,Black Country,RBK,Walsall Healthcare NHS Trust,Acute,7597.48196,140627.52446,5.4
31/08/2023,Y60,Midlands,QUA,Black Country,RL4,Royal Wolverhampton NHS Trust,Acute,15302.65306,314536.41588,4.87
31/08/2023,Y60,Midlands,QUA,Black Country,RNA,Dudley Group NHS Foundation Trust,Acute,7948.8520499999995,169914.03074,4.68
31/08/2023,Y60,Midlands,QUA,Black Country,RYA,West Midlands Ambulance Service University NHS Foundation Trust,Ambulance,8582.72586,192803.21193,4.45
31/08/2023,Y60,Midlands,QUA,Black Country,RYK,Dudley Integrated Health and Care NHS Trust,Community Provider Trust,299.13327,12153.86488,2.46
31/08/2023,Y60,Midlands,QUA,Black Country,TAJ,Black Country Healthcare NHS Foundation Trust,Mental Health,6672.76927,111377.43271,5.99
31/08/2023,Y60,Midlands,QWU,Coventry and Warwickshire,QWU,NHS Coventry and Warwickshire ICB,Integrated Care Board,704.01338,11404.43267,6.17
31/08/2023,Y60,Midlands,QWU,Coventry and Warwickshire,RJC,South Warwickshire University NHS Foundation Trust,Acute,5451.38962,146318.25772,3.73
31/08/2023,Y60,Midlands,QWU,Coventry and Warwickshire,RKB,University Hospitals Coventry and Warwickshire NHS Trust,Acute,15065.57811,274481.3146,5.49
31/08/2023,Y60,Midlands,QWU,Coventry and Warwickshire,RLT,George Eliot Hospital NHS Trust,Acute,4147.53193,78815.56473,5.26
31/08/2023,Y60,Midlands,QWU,Coventry and Warwickshire,RYG,Coventry and Warwickshire Partnership NHS Trust,Mental Health,7119.86055,117500.4441,6.06
31/08/2023,Y61,East of England,QH8,Mid and South Essex,QH8,NHS Mid and South Essex ICB,Integrated Care Board,441.52007000000003,13879.66,3.18
31/08/2023,Y61,East of England,QH8,Mid and South Essex,R1L,Essex Partnership University NHS Foundation Trust,Mental Health,9400.96817,177712.59275,5.29
31/08/2023,Y61,East of England,QH8,Mid and South Essex,RAJ,Mid and South Essex NHS Foundation Trust,Acute,19535.20128,453136.12461,4.31
31/08/2023,Y61,East of England,QHG,"Bedfordshire, Luton and Milton Keynes",NRR,Community Dental Services CIC,Community Provider Trust,524.36172,10770.34437,4.87
31/08/2023,Y61,East of England,QHG,"Bedfordshire, Luton and Milton Keynes",QHG,"NHS Bedfordshire, Luton and Milton Keynes ICB",Integrated Care Board,278.09001,12109.05714,2.3
31/08/2023,Y61,East of England,QHG,"Bedfordshire, Luton and Milton Keynes",RC9,Bedfordshire Hospitals NHS Foundation Trust,Acute,10235.73552,242305.80125,4.22
31/08/2023,Y61,East of England,QHG,"Bedfordshire, Luton and Milton Keynes",RD8,Milton Keynes University Hospital NHS Foundation Trust,Acute,4895.66276,116043.17449,4.22
31/08/2023,Y61,East of England,QJG,Suffolk and North East Essex,NQA,Provide,Community Provider Trust,534.2000400000001,26219.69256,2.04
31/08/2023,Y61,East of England,QJG,Suffolk and North East Essex,QJG,NHS Suffolk and North East Essex ICB,Integrated Care Board,315.38683,14226.55852,2.22
31/08/2023,Y61,East of England,QJG,Suffolk and North East Essex,RDE,East Suffolk and North Essex NHS Foundation Trust,Acute,13943.35346,322855.08948,4.32
31/08/2023,Y61,East of England,QJG,Suffolk and North East Essex,RGR,West Suffolk NHS Foundation Trust,Acute,6241.89477,142399.89537,4.38
31/08/2023,Y61,East of England,QM7,Hertfordshire and West Essex,QM7,NHS Hertfordshire and West Essex ICB,Integrated Care Board,392.51999,21995.50541,1.78
31/08/2023,Y61,East of England,QM7,Hertfordshire and West Essex,RQW,Princess Alexandra Hospital NHS Trust,Acute,4871.51806,111429.70927,4.37
31/08/2023,Y61,East of England,QM7,Hertfordshire and West Essex,RWG,West Hertfordshire Teaching Hospitals NHS Trust,Acute,6381.64662,158987.7141,4.01
31/08/2023,Y61,East of England,QM7,Hertfordshire and West Essex,RWH,East and North Hertfordshire NHS Trust,Acute,7976.82489,186300.05644,4.28
31/08/2023,Y61,East of England,QM7,Hertfordshire and West Essex,RWR,Hertfordshire Partnership University NHS Foundation Trust,Mental Health,5100.93067,116188.09952,4.39
31/08/2023,Y61,East of England,QM7,Hertfordshire and West Essex,RY4,Hertfordshire Community NHS Trust,Community Provider Trust,2125.06717,61625.05474,3.45
31/08/2023,Y61,East of England,QMM,Norfolk and Waveney,NAX,East Coast Community Healthcare CIC,Community Provider Trust,1343.27334,17717.39431,7.58
31/08/2023,Y61,East of England,QMM,Norfolk and Waveney,QMM,NHS Norfolk and Waveney ICB,Integrated Care Board,587.7066599999999,20983.52208,2.8
31/08/2023,Y61,East of England,QMM,Norfolk and Waveney,RCX,Queen Elizabeth Hospital King's Lynn NHS Foundation Trust,Acute,6416.63312,109487.87189,5.86
31/08/2023,Y61,East of England,QMM,Norfolk and Waveney,RGP,James Paget University Hospitals NHS Foundation Trust,Acute,6286.85787,114047.80304,5.51
31/08/2023,Y61,East of England,QMM,Norfolk and Waveney,RM1,Norfolk and Norwich University Hospitals NHS Foundation Trust,Acute,11721.15216,256740.72854,4.57
31/08/2023,Y61,East of England,QMM,Norfolk and Waveney,RMY,Norfolk and Suffolk NHS Foundation Trust,Mental Health,7716.05803,143898.67938,5.36
31/08/2023,Y61,East of England,QMM,Norfolk and Waveney,RY3,Norfolk Community Health and Care NHS Trust,Community Provider Trust,3576.82025,68297.20501,5.24
31/08/2023,Y61,East of England,QUE,Cambridgeshire and Peterborough,QUE,NHS Cambridgeshire and Peterborough ICB,Integrated Care Board,269.53298,11656.65631,2.31
31/08/2023,Y61,East of England,QUE,Cambridgeshire and Peterborough,RGM,Royal Papworth Hospital NHS Foundation Trust,Acute,2945.2007,62086.00685,4.74
31/08/2023,Y61,East of England,QUE,Cambridgeshire and Peterborough,RGN,North West Anglia NHS Foundation Trust,Acute,8996.415,205548.90904,4.38
31/08/2023,Y61,East of England,QUE,Cambridgeshire and Peterborough,RGT,Cambridge University Hospitals NHS Foundation Trust,Acute,14698.04906,352080.52688,4.17
31/08/2023,Y61,East of England,QUE,Cambridgeshire and Peterborough,RT1,Cambridgeshire and Peterborough NHS Foundation Trust,Mental Health,5577.52061,132198.86272,4.22
31/08/2023,Y61,East of England,QUE,Cambridgeshire and Peterborough,RYC,East of England Ambulance Service NHS Trust,Ambulance,13250.24812,175843.79372,7.54
31/08/2023,Y61,East of England,QUE,Cambridgeshire and Peterborough,RYV,Cambridgeshire Community Services NHS Trust,Community Provider Trust,3512.86565,70491.72145,4.98
31/08/2023,Y62,North West,QE1,Lancashire and South Cumbria,QE1,NHS Lancashire and South Cumbria ICB,Integrated Care Board,349.8,16276.58298,2.15
31/08/2023,Y62,North West,QE1,Lancashire and South Cumbria,RTX,University Hospitals of Morecambe Bay NHS Foundation Trust,Acute,11284.24588,200644.53416,5.62
31/08/2023,Y62,North West,QE1,Lancashire and South Cumbria,RW5,Lancashire and South Cumbria NHS Foundation Trust,Mental Health,15220.81919,213271.92312,7.14
31/08/2023,Y62,North West,QE1,Lancashire and South Cumbria,RXL,Blackpool Teaching Hospitals NHS Foundation Trust,Acute,14854.77848,235009.70952,6.32
31/08/2023,Y62,North West,QE1,Lancashire and South Cumbria,RXN,Lancashire Teaching Hospitals NHS Foundation Trust,Acute,18103.38611,282173.80662,6.42
31/08/2023,Y62,North West,QE1,Lancashire and South Cumbria,RXR,East Lancashire Hospitals NHS Trust,Acute,17213.52775,278261.72332,6.19
31/08/2023,Y62,North West,QOP,Greater Manchester,QOP,NHS Greater Manchester ICB,Integrated Care Board,1536.03938,49538.4655,3.1
31/08/2023,Y62,North West,QOP,Greater Manchester,R0A,Manchester University NHS Foundation Trust,Acute,47750.25522,804951.09581,5.93
31/08/2023,Y62,North West,QOP,Greater Manchester,RBV,Christie NHS Foundation Trust,Acute,4272.40112,100437.18302,4.25
31/08/2023,Y62,North West,QOP,Greater Manchester,RM3,Northern Care Alliance NHS Foundation Trust,Acute,32340.59775,564125.75741,5.73
31/08/2023,Y62,North West,QOP,Greater Manchester,RMC,Bolton NHS Foundation Trust,Acute,9332.10438,180420.3324,5.17
31/08/2023,Y62,North West,QOP,Greater Manchester,RMP,Tameside and Glossop Integrated Care NHS Foundation Trust,Acute,6467.273,121808.50025,5.31
31/08/2023,Y62,North West,QOP,Greater Manchester,RRF,"Wrightington, Wigan and Leigh NHS Foundation Trust",Acute,9082.90494,192329.5548,4.72
31/08/2023,Y62,North West,QOP,Greater Manchester,RT2,Pennine Care NHS Foundation Trust,Mental Health,6952.69444,111605.20446,6.23
31/08/2023,Y62,North West,QOP,Greater Manchester,RWJ,Stockport NHS Foundation Trust,Acute,9733.62863,165920.35292,5.87
31/08/2023,Y62,North West,QOP,Greater Manchester,RX7,North West Ambulance Service NHS Trust,Ambulance,17698.57844,210312.54489,8.42
31/08/2023,Y62,North West,QOP,Greater Manchester,RXV,Greater Manchester Mental Health NHS Foundation Trust,Mental Health,12657.59898,190158.56637000002,6.66
31/08/2023,Y62,North West,QYG,Cheshire and Merseyside,QYG,NHS Cheshire and Merseyside ICB,Integrated Care Board,1016.74658,30322.49206,3.35
31/08/2023,Y62,North West,QYG,Cheshire and Merseyside,RBL,Wirral University Teaching Hospital NHS Foundation Trust,Acute,10168.8845,175327.41502,5.8
31/08/2023,Y62,North West,QYG,Cheshire and Merseyside,RBN,Mersey and West Lancashire Teaching Hospitals NHS Trust,Acute,23362.72833,670138.3629899999,3.49
31/08/2023,Y62,North West,QYG,Cheshire and Merseyside,RBQ,Liverpool Heart and Chest Hospital NHS Foundation Trust,Acute,2497.6891,54942.55013,4.55
31/08/2023,Y62,North West,QYG,Cheshire and Merseyside,RBS,Alder Hey Children's NHS Foundation Trust,Acute,6402.25242,118446.63573,5.41
31/08/2023,Y62,North West,QYG,Cheshire and Merseyside,RBT,Mid Cheshire Hospitals NHS Foundation Trust,Acute,7189.4522,147373.11265,4.88
31/08/2023,Y62,North West,QYG,Cheshire and Merseyside,REM,Liverpool University Hospitals NHS Foundation Trust,Acute,26143.80472,416474.88763,6.28
31/08/2023,Y62,North West,QYG,Cheshire and Merseyside,REN,Clatterbridge Cancer Centre NHS Foundation Trust,Acute,2535.44032,51776.47576,4.9
31/08/2023,Y62,North West,QYG,Cheshire and Merseyside,REP,Liverpool Women's NHS Foundation Trust,Acute,2644.5392,48550.08635,5.45
31/08/2023,Y62,North West,QYG,Cheshire and Merseyside,RET,Walton Centre NHS Foundation Trust,Acute,2350.15393,43465.034,5.41
31/08/2023,Y62,North West,QYG,Cheshire and Merseyside,RJN,East Cheshire NHS Trust,Acute,3874.93969,69419.93974,5.58
31/08/2023,Y62,North West,QYG,Cheshire and Merseyside,RJR,Countess of Chester Hospital NHS Foundation Trust,Acute,7006.53766,134334.68148,5.22
31/08/2023,Y62,North West,QYG,Cheshire and Merseyside,RW4,Mersey Care NHS Foundation Trust,Mental Health,25455.35471,312870.02521,8.14
31/08/2023,Y62,North West,QYG,Cheshire and Merseyside,RWW,Warrington and Halton Teaching Hospitals NHS Foundation Trust,Acute,6745.51862,124181.22936,5.43
31/08/2023,Y62,North West,QYG,Cheshire and Merseyside,RXA,Cheshire and Wirral Partnership NHS Foundation Trust,Mental Health,8040.87407,116342.16742,6.91
31/08/2023,Y62,North West,QYG,Cheshire and Merseyside,RY2,Bridgewater Community Healthcare NHS Foundation Trust,Community Provider Trust,2199.24946,41168.27776,5.34
31/08/2023,Y62,North West,QYG,Cheshire and Merseyside,RY7,Wirral Community Health and Care NHS Foundation Trust,Community Provider Trust,2434.83083,45594.91941,5.34
31/08/2023,Y63,North East and Yorkshire,QF7,South Yorkshire,QF7,NHS South Yorkshire ICB,Integrated Care Board,718.08831,23380.801770000002,3.07
31/08/2023,Y63,North East and Yorkshire,QF7,South Yorkshire,RCU,Sheffield Children's NHS Foundation Trust,Acute,4821.96626,105559.36549,4.57
31/08/2023,Y63,North East and Yorkshire,QF7,South Yorkshire,RFF,Barnsley Hospital NHS Foundation Trust,Acute,6016.81767,117472.82358,5.12
31/08/2023,Y63,North East and Yorkshire,QF7,South Yorkshire,RFR,Rotherham NHS Foundation Trust,Acute,7758.60094,128696.23696,6.03
31/08/2023,Y63,North East and Yorkshire,QF7,South Yorkshire,RHQ,Sheffield Teaching Hospitals NHS Foundation Trust,Acute,24869.5374,499360.99673,4.98
31/08/2023,Y63,North East and Yorkshire,QF7,South Yorkshire,RP5,Doncaster and Bassetlaw Teaching Hospitals NHS Foundation Trust,Acute,10760.73582,190738.10279,5.64
31/08/2023,Y63,North East and Yorkshire,QF7,South Yorkshire,RXE,Rotherham Doncaster and South Humber NHS Foundation Trust,Mental Health,6354.42082,104781.77601,6.06
31/08/2023,Y63,North East and Yorkshire,QF7,South Yorkshire,TAH,Sheffield Health and Social Care NHS Foundation Trust,Mental Health,4675.16364,72067.83361,6.49
31/08/2023,Y63,North East and Yorkshire,QHM,North East and North Cumbria,QHM,NHS North East and North Cumbria ICB,Integrated Care Board,604.43736,18239.37789,3.31
31/08/2023,Y63,North East and Yorkshire,QHM,North East and North Cumbria,R0B,South Tyneside and Sunderland NHS Foundation Trust,Acute,13885.8817,246352.18753,5.64
31/08/2023,Y63,North East and Yorkshire,QHM,North East and North Cumbria,RNN,North Cumbria Integrated Care NHS Foundation Trust,Acute,10002.1322,192193.52189,5.2
31/08/2023,Y63,North East and Yorkshire,QHM,North East and North Cumbria,RR7,Gateshead Health NHS Foundation Trust,Acute,8105.33466,140774.30314,5.76
31/08/2023,Y63,North East and Yorkshire,QHM,North East and North Cumbria,RTD,Newcastle Upon Tyne Hospitals NHS Foundation Trust,Acute,20842.69526,429581.40129,4.85
31/08/2023,Y63,North East and Yorkshire,QHM,North East and North Cumbria,RTF,Northumbria Healthcare NHS Foundation Trust,Acute,13901.42282,257074.68027,5.41
31/08/2023,Y63,North East and Yorkshire,QHM,North East and North Cumbria,RTR,South Tees Hospitals NHS Foundation Trust,Acute,15410.20708,275551.37983,5.59
31/08/2023,Y63,North East and Yorkshire,QHM,North East and North Cumbria,RVW,North Tees and Hartlepool NHS Foundation Trust,Acute,8206.77209,150241.15896,5.46
31/08/2023,Y63,North East and Yorkshire,QHM,North East and North Cumbria,RX3,"Tees, Esk and Wear Valleys NHS Foundation Trust",Mental Health,13254.72021,225165.08116,5.89
31/08/2023,Y63,North East and Yorkshire,QHM,North East and North Cumbria,RX4,"Cumbria, Northumberland, Tyne and Wear NHS Foundation Trust",Mental Health,16364.75936,248163.93680999998,6.59
31/08/2023,Y63,North East and Yorkshire,QHM,North East and North Cumbria,RX6,North East Ambulance Service NHS Foundation Trust,Ambulance,6926.57513,92099.00105,7.52
31/08/2023,Y63,North East and Yorkshire,QHM,North East and North Cumbria,RXP,County Durham and Darlington NHS Foundation Trust,Acute,11017.28378,220128.95562,5.0
31/08/2023,Y63,North East and Yorkshire,QOQ,Humber and North Yorkshire,NL3,Care Plus Group,Community Provider Trust,841.79739,19898.716229999998,4.23
31/08/2023,Y63,North East and Yorkshire,QOQ,Humber and North Yorkshire,NNF,City Health Care Partnership CIC,Community Provider Trust,2715.6591,54144.66361,5.02
31/08/2023,Y63,North East and Yorkshire,QOQ,Humber and North Yorkshire,NQL,NAViGO Health and Social Care CIC,Community Provider Trust,1030.8334,24053.45841,4.29
31/08/2023,Y63,North East and Yorkshire,QOQ,Humber and North Yorkshire,QOQ,NHS Humber and North Yorkshire ICB,Integrated Care Board,606.80432,20855.78442,2.91
31/08/2023,Y63,North East and Yorkshire,QOQ,Humber and North Yorkshire,RCB,York and Scarborough Teaching Hospitals NHS Foundation Trust,Acute,13182.75828,268887.3402,4.9
31/08/2023,Y63,North East and Yorkshire,QOQ,Humber and North Yorkshire,RCD,Harrogate and District NHS Foundation Trust,Acute,7075.60538,138761.93065,5.1
31/08/2023,Y63,North East and Yorkshire,QOQ,Humber and North Yorkshire,RJL,Northern Lincolnshire and Goole NHS Foundation Trust,Acute,9710.98092,195798.81662,4.96
31/08/2023,Y63,North East and Yorkshire,QOQ,Humber and North Yorkshire,RV9,Humber Teaching NHS Foundation Trust,Mental Health,4445.80032,93147.70348,4.77
31/08/2023,Y63,North East and Yorkshire,QOQ,Humber and North Yorkshire,RWA,Hull University Teaching Hospitals NHS Trust,Acute,9212.24155,263230.27716,3.5
31/08/2023,Y63,North East and Yorkshire,QWO,West Yorkshire,NL8,Locala Community Partnerships CIC,Community Provider Trust,1617.22863,34975.5134,4.62
31/08/2023,Y63,North East and Yorkshire,QWO,West Yorkshire,QWO,NHS West Yorkshire ICB,Integrated Care Board,959.19583,34579.10411,2.77
31/08/2023,Y63,North East and Yorkshire,QWO,West Yorkshire,RAE,Bradford Teaching Hospitals NHS Foundation Trust,Acute,10727.97069,187453.74367,5.72
31/08/2023,Y63,North East and Yorkshire,QWO,West Yorkshire,RCF,Airedale NHS Foundation Trust,Acute,4929.77854,101243.0558,4.87
31/08/2023,Y63,North East and Yorkshire,QWO,West Yorkshire,RGD,Leeds and York Partnership NHS Foundation Trust,Mental Health,5396.14696,88063.80049,6.13
31/08/2023,Y63,North East and Yorkshire,QWO,West Yorkshire,RR8,Leeds Teaching Hospitals NHS Trust,Acute,29151.71301,581340.56562,5.01
31/08/2023,Y63,North East and Yorkshire,QWO,West Yorkshire,RWY,Calderdale and Huddersfield NHS Foundation Trust,Acute,9186.30406,187406.70896,4.9
31/08/2023,Y63,North East and Yorkshire,QWO,West Yorkshire,RX8,Yorkshire Ambulance Service NHS Trust,Ambulance,10983.46132,175674.72314,6.25
31/08/2023,Y63,North East and Yorkshire,QWO,West Yorkshire,RXF,Mid Yorkshire Teaching NHS Trust,Acute,15875.63834,266266.82724,5.96
31/08/2023,Y63,North East and Yorkshire,QWO,West Yorkshire,RXG,South West Yorkshire Partnership NHS Foundation Trust,Mental Health,6426.1432,134712.99446,4.77
31/08/2023,Y63,North East and Yorkshire,QWO,West Yorkshire,RY6,Leeds Community Healthcare NHS Trust,Community Provider Trust,5416.04841,92627.01034,5.85
31/08/2023,Y63,North East and Yorkshire,QWO,West Yorkshire,TAD,Bradford District Care NHS Foundation Trust,Mental Health,6497.18362,92082.7656,7.06
